[{"Id":1,"likes":9,"unlikes":3},{"Id":2,"likes":5,"unlikes":1},{"Id":3,"likes":7,"unlikes":6},{"Id":4,"likes":21,"unlikes":9},{"Id":5,"likes":10,"unlikes":2},{"Id":6,"likes":34,"unlikes":2},{"Id":7,"likes":44,"unlikes":4},{"Id":8,"likes":25,"unlikes":13},{"Id":9,"likes":2,"unlikes":0},{"Id":10,"likes":9,"unlikes":6},{"Id":11,"likes":6,"unlikes":6},{"Id":12,"likes":22,"unlikes":9},{"Id":13,"likes":5,"unlikes":7},{"Id":14,"likes":7,"unlikes":4},{"Id":15,"likes":21,"unlikes":9},{"Id":16,"likes":2,"unlikes":1},{"Id":17,"likes":18,"unlikes":9},{"Id":18,"likes":3,"unlikes":0},{"Id":19,"likes":10,"unlikes":0},{"Id":20,"likes":5,"unlikes":2},{"Id":21,"likes":20,"unlikes":8},{"Id":22,"likes":7,"unlikes":1},{"Id":23,"likes":15,"unlikes":7},{"Id":24,"likes":33,"unlikes":0},{"Id":25,"likes":5,"unlikes":3},{"Id":26,"likes":3,"unlikes":9},{"Id":27,"likes":30,"unlikes":7},{"Id":28,"likes":12,"unlikes":4},{"Id":29,"likes":7,"unlikes":4},{"Id":30,"likes":17,"unlikes":13},{"Id":31,"likes":23,"unlikes":6},{"Id":32,"likes":0,"unlikes":0},{"Id":33,"likes":21,"unlikes":17},{"Id":34,"likes":15,"unlikes":5},{"Id":35,"likes":3,"unlikes":1},{"Id":36,"likes":20,"unlikes":6},{"Id":37,"likes":5,"unlikes":1},{"Id":38,"likes":7,"unlikes":3},{"Id":39,"likes":3,"unlikes":6},{"Id":40,"likes":4,"unlikes":1},{"Id":41,"likes":13,"unlikes":6},{"Id":42,"likes":5,"unlikes":0},{"Id":43,"likes":3,"unlikes":0},{"Id":44,"likes":18,"unlikes":8},{"Id":45,"likes":25,"unlikes":4},{"Id":46,"likes":3,"unlikes":0},{"Id":47,"likes":17,"unlikes":3},{"Id":48,"likes":5,"unlikes":1},{"Id":49,"likes":5,"unlikes":2},{"Id":50,"likes":27,"unlikes":4},{"Id":51,"likes":26,"unlikes":4},{"Id":52,"likes":17,"unlikes":3},{"Id":53,"likes":5,"unlikes":1},{"Id":54,"likes":3,"unlikes":6},{"Id":55,"likes":4,"unlikes":1},{"Id":56,"likes":3,"unlikes":0},{"Id":58,"likes":1,"unlikes":0},{"Id":59,"likes":0,"unlikes":0},{"Id":60,"likes":0,"unlikes":0},{"Id":61,"likes":0,"unlikes":0},{"Id":62,"likes":0,"unlikes":0},{"Id":63,"likes":0,"unlikes":0},{"Id":64,"likes":1,"unlikes":1}]